sample_size,repetition,ise,t_pilot,t2,t_star,roughness,density_integral,isj_iterations
50,1,0.05304078498158832,0.00889457359848363,0.013568319188989425,0.018398634615288307,122.87430571501463,0.9999999999999998,38
50,2,0.044891133187954124,0.008124705809993533,0.012931900747472873,0.01726117093401146,144.12835516912068,1.0,34
50,3,0.1564457180463962,0.001728191730205413,0.00256311225335206,0.0038130372848903865,6284.162890904064,1.0,29
50,4,0.03803120092009604,0.006058930435981799,0.007598837662205141,0.010714428479183124,474.79106578056854,1.0,75
50,5,0.3104875708737027,0.022721781252986104,0.04674424788915974,0.06645220440020037,4.956231493764838,1.0,24
50,6,0.16641613198460536,0.01190491312450915,0.022847053210332098,0.032207086001601624,30.307246498507542,1.0,24
50,7,0.1186027786775221,0.009077104954853157,0.015721485091040644,0.02292136699887321,70.92899015527149,1.0000000000000002,30
50,8,0.3769486650443399,0.025992099347562598,0.05607749024534416,0.07759028556180277,3.3643927470432198,1.0,24
50,9,0.11087989682013814,0.014159526367265762,0.0256520116962057,0.03409594883059721,26.282587088507892,1.0000000000000002,26
50,10,0.13240342472663694,0.014005299149709823,0.024684836542357272,0.0349003774452224,24.794180243823362,1.0,41
50,11,0.3458311461308393,0.00033326238930348276,0.00040662504832769046,0.00083593668424199,279248.98490203934,0.9999999999999999,116
50,12,0.14222845231011255,0.01548071418213916,0.029953191846021,0.040108283816781,17.512165987345046,1.0,23
50,13,0.12577724181051542,0.011885425287769848,0.01989130245791268,0.027490960878776886,45.02464156517271,1.0,29
50,14,0.23088171312196143,0.019464504627205746,0.04098363745561538,0.055660295457148616,7.719004521349825,1.0,21
50,15,0.15741429952853098,0.013203533461222513,0.02358930748588786,0.034565729875224674,25.398655906497588,1.0,29
50,16,0.24620818887810247,0.0043761408678928615,0.0077502216642720105,0.01056926832586179,491.26152784484054,1.0,24
50,17,0.19894201278080645,0.014711998935134345,0.026168054611069407,0.03966855234043017,18.001520296993853,1.0,38
50,18,0.17456503782421176,0.004436894112487127,0.005680035163527486,0.013818430317614396,251.349648087508,1.0,73
50,19,0.07212299340374036,0.00380941947557793,0.005241004337297133,0.00824077697838678,915.1760820118229,1.0000000000000002,60
50,20,0.2519410072435182,0.020372647043900113,0.039546651487683694,0.054832040767352465,8.013809948316824,1.0,28
100,1,0.17951768390075337,0.013520350435597048,0.025462168930126414,0.031429268469431615,16.108658926254833,1.0,29
100,2,0.21766833302373817,0.011785956968958207,0.0231986036511183,0.03434894633787197,12.900647813819381,1.0,27
100,3,0.17672319123925587,0.013006186878230235,0.02571813470641146,0.032635501246019195,14.66119430669069,1.0,25
100,4,0.16586692119898003,0.012644144566253103,0.02527302756575626,0.03143177795476874,16.1054438660952,0.9999999999999999,24
100,5,0.10418389886083335,0.004697490462023605,0.008130920260088834,0.01044986217937777,252.70780835341733,1.0,31
100,6,0.15171783955187645,0.008102296694795076,0.015480847575444042,0.023007412909576926,35.13383853668533,1.0,28
100,7,0.22144001101191754,0.014611722756410003,0.031606784070476776,0.03963622524785158,9.019123805301536,1.0,21
100,8,0.08535320030273108,0.0011651944336252718,0.0016412673865750709,0.0024842059433382783,9171.198150508426,1.0000000000000002,34
100,9,0.15909417647458177,0.0004270943749188176,0.0005222840536042527,0.0010699184614870942,75338.74208529963,1.0,75
100,10,0.10726172400675639,0.009924427704888127,0.018830646533969923,0.023607714239242447,32.94277795798365,1.0,26
100,11,0.07393478276935576,0.003779254437339349,0.0061979096918886555,0.008250477695092979,456.2441738713158,1.0,24
100,12,0.1016528101520655,0.003801318670717386,0.006759302358797006,0.008642079866764374,406.3023919249484,1.0,25
100,13,0.09102361748906908,0.008765761354096268,0.016940663614711603,0.020720571955026114,45.64473815465667,0.9999999999999999,24
100,14,0.12205813917508092,0.008824394999709584,0.01801742881701958,0.02256981218233272,36.86168685025616,1.0,25
100,15,0.22242226101675783,0.015165601218404197,0.03153580033038385,0.03954137779376256,9.073306319054286,1.0,26
100,16,0.18086384135332786,0.011539922496818008,0.020899304040955632,0.028986159888415176,19.720519859654285,1.0,34
100,17,0.04935230834800281,0.0055984962708070475,0.009305882505648965,0.011788562043573305,186.9575396521543,1.0,28
100,18,0.1842721974152882,0.013738514213112403,0.02661113436644171,0.03254020018379066,14.768776462307969,1.0,25
100,19,0.09682455225470367,0.00955901391131063,0.014378298218145614,0.01828863333444255,62.365144899123045,1.0,41
100,20,0.4078010418965961,0.00023207030748593,0.00028367602230363475,0.0005451512216562496,406539.35505101766,1.0,138
250,1,0.16533527639041654,0.00655537354493625,0.01392770872935791,0.018414324935511216,24.52254574913407,0.9999999999999999,22
250,2,0.07007772676785172,0.0037966632551292958,0.006642883244855197,0.007826366804367222,208.23540081597105,1.0,32
250,3,0.10361627440211897,0.006862235630825749,0.014703489321514305,0.01593917312436269,35.179575112496934,1.0,30
250,4,0.04841263981962271,0.004547727542479168,0.006170310248806335,0.006971138907448984,278.09662469843954,1.0,68
250,5,0.08615661580604897,0.0065914636539058605,0.013535708296542139,0.014081462988064546,47.95518981070134,1.0,23
250,6,0.08130668932107034,0.006182341426404413,0.011599881083336644,0.01235305607417818,66.53023037397452,1.0,27
250,7,0.05276386462296517,0.0043055979780259645,0.007548068451003924,0.0080194795636709,195.92488332931495,1.0,30
250,8,0.06296283529731578,0.005630385463153427,0.010899658671836326,0.011417337276643567,81.01081152809407,0.9999999999999999,28
250,9,0.04408960509552198,0.0033370960500730996,0.005137524699737916,0.005573741532014222,486.50577004148573,0.9999999999999998,32
250,10,0.06025495961395332,0.0051952317429329485,0.00852219977271048,0.009050566250185507,144.7990391201588,1.0,31
250,11,0.077101866097294,0.005774288334320858,0.011890713134638176,0.0127993859955058,60.88106180944024,1.0,23
250,12,0.1211717351828099,0.007559477261112631,0.015368937683062888,0.01641642697998753,32.67822518163288,1.0,24
250,13,0.051928984862377126,0.0035263096277934635,0.006168816141746567,0.006914901594990167,283.78540042427346,1.0,29
250,14,0.044782761704803664,0.003635042887713631,0.0063133822699806535,0.006999010218317333,275.336311649182,1.0,31
250,15,0.026056175214369797,0.001998493240926138,0.002384533115256217,0.003036741963329193,2220.4210316908566,0.9999999999999999,90
250,16,0.02897640506025941,0.002535749518674594,0.00403674701228227,0.0046630986549546765,759.9211817476972,0.9999999999999998,29
250,17,0.06029616550352622,0.004497029906685971,0.00869177049367048,0.00944560833521768,130.1308377383364,1.0,25
250,18,0.057727129930785465,0.005180300187225252,0.009173150266558728,0.009648226972705596,123.40600132960685,1.0,27
250,19,0.11535939387898506,0.006822270701966751,0.013856028784236753,0.015984288921057688,34.931863698938194,1.0000000000000002,25
250,20,0.113956344017743,0.0032272876756230056,0.005045870393410358,0.0086544519445141,161.94074481645552,0.9999999999999999,32
500,1,0.07330567065065771,0.004411831231255624,0.008285543468232228,0.0077320868235307766,107.3206411306924,0.9999999999999999,27
500,2,0.0418777266500143,0.0034233534872936434,0.006626989231704321,0.006239472569717021,183.46590359086287,0.9999999999999999,24
500,3,0.07216197142411196,0.002054816536647897,0.003736465935573921,0.004233397648560253,483.84070585610954,1.0,27
500,4,0.061626371608183184,0.004028249373567756,0.008699120091909407,0.007987464932934887,98.94700481617919,0.9999999999999999,21
500,5,0.1116928621139141,0.005460722244557273,0.013117792472547967,0.01256500090391625,31.880032335567826,1.0,21
500,6,0.041681179102781234,0.0029540377647011683,0.005376712219574049,0.005257410160462663,281.5110284150992,0.9999999999999999,29
500,7,0.07244166514661468,0.004355180076974778,0.009340633597015131,0.008988300022237805,73.6599064031296,1.0,22
500,8,0.05456991049147524,0.0033409977305188542,0.004854544602588135,0.004705844581093511,371.39077693789125,1.0,50
500,9,0.06004659966319066,0.0016409161144071034,0.0030409026375690694,0.0031001058660430174,1054.3474486314558,1.0,22
500,10,0.04523156079174378,0.003448479890109611,0.0069000071694835085,0.006459674850452,168.22805281066164,0.9999999999999999,23
500,11,0.033507026950025914,0.0008414020473759408,0.001048799392151283,0.0014642365956614666,6876.966697370962,1.0,73
500,12,0.05248570379179465,0.003524175885437631,0.007628879361988346,0.0071820146549088585,129.0652557235793,1.0,20
500,13,0.04700051102524882,0.002221559025495231,0.003358672029318051,0.00390481926557007,592.1377105818839,1.0,31
500,14,0.051855957922666625,0.0036547311730736384,0.007515475013161879,0.00693405680487775,140.91478935999845,1.0,24
500,15,0.07387300387175277,0.0031941487128276836,0.005446086818040979,0.005687011226088457,231.32088745474792,0.9999999999999999,31
500,16,0.04386865887001255,0.003463602560831685,0.006387763001161038,0.0060456802416216085,198.52359451733676,1.0000000000000002,30
500,17,0.06862305883435336,0.004229485898411892,0.0089317060473446,0.008512090450715904,84.39845354809164,1.0,22
500,18,0.04350493241854737,0.0014410851732582614,0.002249049062717146,0.0025263420379180515,1758.7118581880363,1.0,29
500,19,0.05870547773902127,0.0037918794010557326,0.007596528069712333,0.007364394030610128,121.22230016628741,1.0,22
500,20,0.08317867516669236,0.004840782927728436,0.010491726619182904,0.009791803840758792,59.46594187071763,1.0,26
1000,1,0.05817177764894078,0.0013317669540548365,0.0023097584788651345,0.0024387508700341163,960.4537900224453,1.0,28
1000,2,0.03647546384094356,0.0025491062043406856,0.005054132751234073,0.004130947998413084,257.19987194654317,0.9999999999999999,22
1000,3,0.04026267736375669,0.0016279207058557852,0.0029961269914813918,0.002724744511718612,727.9148875151487,0.9999999999999998,28
1000,4,0.036160603272063864,0.002450786639487338,0.004765650323985807,0.003928838758674987,291.56443934459367,0.9999999999999999,22
1000,5,0.020490676361357485,0.0017282233323391925,0.002402805040810463,0.0022505077045648367,1174.0695046329092,1.0000000000000002,55
1000,6,0.046281923592767615,0.00244589149021165,0.005109538605152407,0.0042026915079554795,246.36345546853488,0.9999999999999999,23
1000,7,0.05868814437118685,0.002775990708867471,0.006188475858103567,0.005349937464939671,134.74830284673496,0.9999999999999999,22
1000,8,0.05413472822040465,0.0028670482953520723,0.00585344674054599,0.005017448043756255,158.19321701726184,1.0,26
1000,9,0.02220105211500574,0.0018955854975657598,0.0028063719478073055,0.002406044306368665,993.4271315987556,1.0,38
1000,10,0.0423718389222298,0.0013256697456638534,0.002417156508814124,0.0021861405212938523,1262.4084198742312,1.0,26
1000,11,0.030289949402678065,0.002418335445688607,0.003592652490021649,0.003210832067531002,482.8931986696929,0.9999999999999999,48
1000,12,0.046988234346424906,0.0026409270128695908,0.003954096847570076,0.00356344331067521,372.15206447736693,1.0,40
1000,13,0.03357253551535397,0.0020981015544067187,0.003174129963897742,0.002802155609029569,678.6790542043466,1.0,32
1000,14,0.03299277195383211,0.0022745493516134253,0.0033982779387968067,0.0029079858918576204,618.6062876815203,1.0,35
1000,15,0.046335512455762534,0.0030100754026913066,0.0057487106864275465,0.004698069337241037,186.46465103949143,1.0,25
1000,16,0.03392700051642947,0.0022208200226579524,0.004213846698341339,0.0035646545367397572,371.83601322316866,0.9999999999999999,23
1000,17,0.03880599759795987,0.002513267302102326,0.004259174252043644,0.0037186666295598103,334.52374620299076,1.0,41
1000,18,0.03946828312069835,0.0018629336037357792,0.003221667289515179,0.0030905035405603353,531.2781492347228,1.0,28
1000,19,0.02002665167690418,0.0017321592051129798,0.0027778069782398193,0.002461641898616371,938.2809088593443,1.0,28
1000,20,0.05086248193279929,0.002468873687734811,0.0050602110228928155,0.0045870889428850856,197.94847724544553,1.0,29
5000,1,0.016159873466912614,0.0009274320711141834,0.0016078831669676438,0.0010544759127445538,1562.548133746325,1.0,24
5000,2,0.020096854617085845,0.0008838881910258107,0.001781121023851515,0.001144785622080259,1272.3735954910987,1.0,32
5000,3,0.01986141917135746,0.0010738469673908049,0.0019007601408784457,0.0012522619039234313,1016.6866987814634,1.0,31
5000,4,0.026333753686872397,0.001204317031755346,0.002657815039132344,0.0016681503629285463,496.4060637805912,1.0,21
5000,5,0.018655264566246943,0.0008388488798367645,0.0017427096805377915,0.001136277747487408,1296.3247399176057,1.0,22
5000,6,0.01095254896706949,0.0007105150117359911,0.0012099801825079001,0.0008327343755493363,2819.413867576866,1.0,26
5000,7,0.017464609750318626,0.0009425296284006643,0.001476209884694728,0.0009916744034233417,1821.8067407955016,1.0,39
5000,8,0.01844432246208879,0.0009304117715997456,0.0019374048463010574,0.001235941797307727,1050.5821432189725,1.0,21
5000,9,0.01218975593408324,0.0008812517765563896,0.001445098245555866,0.0009372237532008777,2098.0548909595577,1.0,31
5000,10,0.020887500074908017,0.0011519684403444677,0.002246492873806472,0.0013774725297596615,801.1571204373153,1.0,29
5000,11,0.014070704731734076,0.000840572439341248,0.0014767152149211535,0.0009738777512504995,1906.1801951634147,1.0,26
5000,12,0.009845626989814001,0.00042057195866646534,0.0005593645591935794,0.00047321822552980655,11581.67588334312,0.9999999999999998,56
5000,13,0.015118067249222112,0.0008459947994408374,0.0012478894557425204,0.0008960933741707902,2347.1556926702187,0.9999999999999999,46
5000,14,0.020515191199310244,0.0008091583269241934,0.0011848835311543597,0.000932392740610157,2125.3372538078083,1.0,42
5000,15,0.012973283698783627,0.0007653420677380818,0.0010745683635064963,0.0007976258404795473,3139.9810385970036,0.9999999999999999,49
5000,16,0.03362086188299997,0.0014588107387965427,0.003572561179900256,0.002128481414386999,269.92953579681154,1.0,19
5000,17,0.01848355845799398,0.0008406147400435526,0.001318544651253758,0.0009572425513660888,1990.0778894932923,0.9999999999999999,42
5000,18,0.02138926888551931,0.0011555207816729904,0.0024836940855681063,0.0015207599087002554,625.5664178568112,1.0,26
5000,19,0.02015251066301246,0.0011426549331677357,0.002342905094763531,0.0014235205957259698,737.9308658843744,1.0,25
5000,20,0.02225231635309218,0.00111126556817186,0.0023683700408224802,0.0014839537376320209,665.0804143384141,1.0,20
